doctor_id,doctor_first_name,doctor_last_name,doctor_qualifications,clinic_id,clinic_name,clinic_fees,clinic_address,clinic_contact,doctor_visit_days,DOCLID,qr_filename,qr_image_base64,created_at
DOCID_TIKADER_1,Tonmoy,tikader,Mbbs,CLINID_SIBALAYABASAN_1,SibalayAbasan,500,"wgrwe,kol 125",1111111111,"mon. tue, wed, thur",DOCLID_SIBALAYABASAN_1_TIKADER_1,doctor_qr_20251218101833990226_0b349033.png,iVBORw0KGgoAAAANSUhEUgAAAZoAAAGaAQAAAAAefbjOAAADOUlEQVR4nO1bbW6jQAy1Aak/QdoD9Chws1WPtDeAo+QAK8HPSERe+WMgrVQpKGxIOu/9aGdIrAweyx9vPCy0GUOxXYYIQgEoIgBFBKCIABQRgCICUMQrKYIDFdHAzP6HJmbu6BIjQ3fI8jYCQjsoohXFGA9t45mbUmjQP0SlfZ6yUKg8A0VM4QC4q2ciqkWolTNTe6qSgagHOWp5mwChfRUxvYnZAQ1mAvWZpf8/v3QDIHS8Ilr1DGYHIuotqJTIHvb+pVsAoYcroor/teYIU0wsX2AzBpoaEv3gmsnCPv18RQxWSTQ6nN6EOwsdnmiaj7h4qXHU8rYBQvf7CFkfDO8pahCdWYZ3TzQ/CUHlP14R3DnjUJH0pOXmVEX1aTlm8BGoNV5yc7fCiQaRmaSv08iZCa9DYyoyBikh/ZO/UwGhuy2CWq0rWttzNQadugmYlbjfcHuBReRhEaSUlPkD2/2wDRvpl9IHsIhsokavw3YxgSsf4V/R6QJEjRzyiHHxFvpsMRCLGslKLLrAIjLJI8aUQiynWs5Zulnos95yTFhELnkEpT139+BWkrxF5BHpjBRRI4c8ok4BI4LIdXERdagCFpGPj1CsccHKTYU5irUORdTIh6FSWALpRFRqklhZCC9GdYCokcNJV2NHGhEhuJuUz54qovZk51uXdA52zPK2AUI78RGydNWtpMRKZaP6zMr2+Lfuvp5zpj4ZIvnQoy1nrU5vfvp10PI2AkJ7dMwQEVtPZdtbUjlXTPVI0TFDyUru+KUCQi9lEdMvtwMKE4jdl6EpZ27/NDoi7Zl47PIKCB3GWdIyNaaSUvbwNbdArZFT9Skrn22V5nIUuhxpeBr65O9UQGjHO13ykbrqvE8/RnHZC3e6MuqYkc8NEdFFkxpo0tGHAT4ipztdBqcneu3KZmWt7Bqo0xOv9E6bAKHvFDEoNalMpd33k35itkNRIy6/E7oFEHo5PiKhnPXyzkyDGUD9t3KGauB0+vXs71RAaMc8QsIfpGbLa3obeURGPmLwgFA6cUlKV3qZ0Y7N4jcuYKgyvNMly0TMUfhUM4pDlldAyAFFBKCIABQRgCICUEQAigg8jrP8BybAhtjH13j/AAAAAElFTkSuQmCC,2025-12-18T10:18:34.020744
DOCID_BASU_1,Prabir,Basu,MBBS,CLINID_MILLENIUM_DIAGONOSTIC_CENTER_1,Millenium Diagonostic Center,500,"asdfsdfbgfseFzdvx, Kol 124",222222222222,"Mon, wed, thurs",DOCLID_MILLENIUM_DIAGONOSTIC_CENTER_1_BASU_1,doctor_qr_20251218102204425431_cc029038.png,iVBORw0KGgoAAAANSUhEUgAAAZoAAAGaAQAAAAAefbjOAAADJElEQVR4nO1cQW7jMAwkYwM52sA+oE9Rflbsz+Kn5AEB5GMBG1yQouQmp3pjrNfRzMGVYhFQGGJEjqSy0GoMp/U2RDBywBEOOMIBRzjgCAcc4YAjjuQIdrTamZmGnogvIzNRfiRcdpneSsBoA0cEUURNG/tGLATk2okwW2xQY+9zFgqXV+CIsRCAUsalmzQ2ZibSln3mDLLP9FYBRq84on3+INyYZLichUMkYSKjjMcxcHlNjhg+Jl0miORqj7FN3f9kej8BjLbgiE5zhJGIQ5yVI2zBuLcSYs824LuSBZe/vyMGqyR6bY5n4c/YCIXbWSyptPrDsNf01gFGr3OElL4MPSk9fFkJytaVR4aAyyuIPb6YCsEt8Wd0ovByM5WguojsN72VgNErjqD0y1+7SVv2yLJD0KVDIyKN8yE6GC53vKMjKIdA4wpVMI5YuikIVJRQZcK6iIgKOEJio0SRY0NbThnRhkyJIxAR1XBEUBawZeJbK3fzEH+AI2rQI4Y+Cuu6IAM34mXGh3X19djbi+kY3+kEow04IprsUDiiJA4WJaZelrwTHFFFHiFeazgso9Bk4lq2PbFqVJZZksLLzZRFFo5YGAQcURVHUGGGxAcWGylUElvkYhTVZyUcIfbwwtOIIpelLlSAI6riCCl6hG+EL4nDUwkKjqhCxaaMol27JJWkK1OoEBFVnbOcfOciPXTjy2PjS0/e5iO5O01vHWD0ukLFWkiwHYigLmrXWvc2CVZEzUThhnOW9e19impV+UCdV6SebS5FCPKIOvY1JKlRWbjMtUZSJh4GIyIqMBIvLkzALomDXd5JL3xTdKfprQSMNjkfYTDtIT+SgL3sgpbjElCo3jn22vQnGEmMv8g2QGm4NJpeFrie3cohvtMJRhve6RKJs7Zm9pYFSD6GjXuf9cUes9377PI1nt8aDOmk3XhGHnHsH/evbvnJ0tQL4hRir59N7YG+0wlGG1WfkvJJQz5smbTrpy0wuNzxzqfq2P5oPmmaZXfXeztzS9Qpb6SbwDMyywqMGP+Z7BC/0wlGCXCEA45wwBEOOMIBRzj+3U7XH1wdjV8qMyTLAAAAAElFTkSuQmCC,2025-12-18T10:22:04.450292
DOCID_TIKADER_2,Tonmoy,Tikader,Mbbs,CLINID_MILLENIUM_DIAGONOSTIC_CENTER_2,Millenium Diagonostic Center,500,"adsgdsgsfad, Kol 124",2222222222,"Tue, Thurs, Fri",DOCLID_MILLENIUM_DIAGONOSTIC_CENTER_2_TIKADER_2,doctor_qr_20251218102346957897_ab6492d1.png,iVBORw0KGgoAAAANSUhEUgAAAZoAAAGaAQAAAAAefbjOAAADVElEQVR4nO1cUY7iMAy120p8FokD7FHCDTjSnGlvQI/CAZDoJ1KRV+/FYZjdn6mmSwXx++ikpBbBtZ4d2xk1mY2hmS8jEkKOUIQjFOEIRThCEY5QhCMU8UqKUEcnMmxvKsNWRPejqki5ZOxXWd5MhNACikgGXDAcN0YTsGNvpkrbkJbzJQoNlVegiLEQQLJJdN9PzhaCEZAZZK3lzUIILauIEfQwbkw/Lq1JwuU/fdM3EEJPV0T39wfDYeoUAxqCDdvzP4/Ee3png+38bw8DGEU0XW64p8M4d5ZO/oS9zm9qQujnihi4k9iWyJK+Ip02xqCSBkIs8E3zEEIrcYTd723YtqCMK7egarx8ZYh4TxUYrO7hJgbtRD/KFtS3m/0kqtx1rLe8mQihnyhCPl+8YOP5kHbI24zeb+3Y+6wdQ+WOd1SE+EsW5KBAD4kc8XmbZ4FsNGERleQsLwgvf5EPWiMf0ATsyCw2OWLF5c1DCC3BET2z2HQTcA735JR7kuJOgiPe3vbkMXAwt408QSsBM9B/0LGERVRjEalED17zMvca7jryRESWFXkNuzxWN50oMkdwIrxGfVnsKwLIdhLpSRe3zi/9WSX93pli1l7iNzUhtIDXMHoIjx09C5GjTTxUIoqII6rJYg+KTPWoyGJfStnzwDnwxqjYoO6m1/hNTQgtwRHm2wwGkMxHkC38EnFEfRzRTppO4AhtTaVvTXJrxLibMBL1AOO5y2tCaDVF3NBYOaHShREKX94+hduRhnMvd8V7enuOUHTHKLYUSGWLimxAFOcOxfEcPZhks3ju8poQWstrHNgDcVVJpw4mcFOagOYRHMZwoKk8d3lNCK2Ws2xzNip/6IFmiTG/PhzV8CpylgWlHZ8G4l0RnqMohzbCIqo602XMZ3vlG5SRD/R0yEfc4kzXK77cmfBoMdEGxh0iBQ8lH/vovObVRRa7vjNddkSFI9lVzUgKPN1V2rDj3Gd9QgqzKKc9CWYm2MAP/7Hy8r6FEFryTJeJ8AQPTGDrWQgTmb48FyqvpK5hJajMXRG5h4q1DvRQ3VsoYq9RA0cMOU5oc/kC6Uqc22Eyk0TBWeSqnry8JoSerQiN/0yWEbbnCEU4QhGOUIQjFOEIRThCEZLxB9FFQcFreqDqAAAAAElFTkSuQmCC,2025-12-18T10:23:46.983740
DOCID_SSSSS_1,aaaa,sssss,adadsfsfs,CLINID_FSGFHDHDGH_1,fsgfhdhdgh,500,zrhxfnhzdrbrhxdt,00000000000000,"mmmmm,nnnnn,nnnnnn",DOCLID_FSGFHDHDGH_1_SSSSS_1,doctor_qr_20251223115556664261_36c2efa9.png,iVBORw0KGgoAAAANSUhEUgAAAZoAAAGaAQAAAAAefbjOAAADBklEQVR4nO1cWYqkQBCNKIX6VJgDzFHSmw1zMz1KH2BAPxssYogl1ar5aali7DLfg85yC0jDR2wZ2Sy0G8NlvwwRhAJQRACKCEARASgiAEUEoIh3UgQHaj25MQ0tEXcTMw3MTDTlB7pDprcTEHqBIpIoRg0b20qMAtI3IkYB7qiy+zkKhcoLUMS0GACjQDMrN25MpEd2LSzIMdPbBQg9o4j6nysTkwzdVTiNJExU6XAPqLwoRTRhFKS3YapP8E5fAIQC+Xs3GiNMRNkymMP4U0saf/gD20oWtHd+RQyWSbR6qEYhjZVQ+rh6ZGn5h+Go6e0DhJ5RBMkDer+2uo5IM7aPQOWB8yqCO6tCcE38a6yEu+ma083mU42HOpHjprcTEHreRpDFk0nmfKow10FNnErfxF3YiCK8xlhFhSrpoDmnnyojwok4acCIQqrYrYaXP80eVGL2wCggvZWy20hGD5reTkDoJZHlTEEG/fVcw7zGEmiqeYCNOD/3yAOH5DFD0MJv6LpG5BqjPmcsgdcohhEU0PDSBydIpoU7EUSWJXkNWeoRkWE4GcJrBHNgI0qLI8jjyRxZRoaR81DYiHK8hoSHeBg2KaiHnLARpVSoyGLHbDI8qLyLLM1QwEYU4zX67BKicGkU8GLmcg1xRGm5hiymwO2BBxNesArSwGsUVsUWMw9Bhg1VIv9AFbuolS7JX7+5zzryknguVGBdo4g+Sxk61i6pueb0ES36or0z2mc5EzUjydCOuePym7/TBUKvqWLLupblpmCtTPg11CzL4Z7Yh4/kQilg/bZL063dGPiK/RoF7ukSjyz9pu3lUR547+UNe7oK3NPFnVmGZtZOuwVru8Qx09sHCL1q7TNl8xDrW2uZSoFco0zusW3w8yOlxW9tujW+II54+4/7JTzu2BL9Y928Y710pMmopaWU+nd5pwuEXrH2qXCvsQxr7dpLV/YMKlQn5x7ZN6bA0o6/aZIwqmzbZtCdf2ohxn8me4vvdIGQA4oIQBEBKCIARQSgiMD/iyz/AvP1vcxZ+Dy4AAAAAElFTkSuQmCC,2025-12-23T11:55:56.846392
DOCID_JOGALEKAR_1,aditya vijay,jogalekar,MD,CLINID_SDM_1,SDM,100,"Hirschberger Str. 58-64
53119",+911234567890,monday,DOCLID_SDM_1_JOGALEKAR_1,doctor_qr_20251224135052500481_7e912058.png,iVBORw0KGgoAAAANSUhEUgAAAZoAAAGaAQAAAAAefbjOAAADFUlEQVR4nO1ba2rjQAyWbEN+TmAP0KPYN9gjlT1Sb2AfJQdYSH4WHLToMX4su1BTEzed74Om44fwWCMkfbKGhTZjqLbLEEEoAEUEoIgAFBGAIgJQRACKeCZFcKDxEQ36Qzdm7ugeI0N3yPQ2AkI7KKIVxVVH11qIkgh3SUR6tZeOarues1Co/Bsrgnyl22wMZgIiMpJIto0YUS1uOf0Xf6cKQjsqgtUfEN1OwnzWgEH3HCt2ftKHAKHDFSH9ajQf7v6kDwFCD1dEE/+ThoWbDe8sw89Rz/1umFLcsKxkYZ2+v0UMGh+IauL2+mPk9tLoz0m4fTsJq5UcM70KQsdYhCzOpHcW9RYynInjcHUD1qkUriFOM3yUWUefgnXYCFyjFIsQo5u9MU0nnnrJTSAO3SwMYJ9F1CxPQu1Fa5bnqD2Yo/CrXRqVlho3PWJ6GwGhPaKGGLmIapRzzjgXzsNH8BHf3vYoFpkmz+ALv84erKKZ4wuiRgk+gjyFmHyEOwVLOXP2gDyiJCHpbw1xZz/qFKwAoWkFDS+aQti3z/Nh09sICO3iI0Znmv9ipJFCTKEDXKMEi1C0K845fxf3LMN5KCyilHrENbKH/OXbilMTCVnfDB9RSGZJc5OEcg0/t045ETUKq2KnaJqajCAHjMkY4CNKERqUSBi50DzCOi6JlHq8XvWzp6Wc3nZ5yPS2AUJ7KCKNyjTfmV8vWs9WOxjOS2OQX17e/vSTNgFCx30Nv+un75NYAUKrl6N1StDAtfZHGPH83JMqCD2FIihSg2S8IioTc6KZk4mcZSCPKKoXW+E0IyoTywu5UAH2WUrUED/2CDG8jI1mD3FT2+sF7c9+9PQqCB29p8sxFSWiin0LEhLAOpW1p4uCeC52aTjhaLKBPMc7bQOE/runK4VtzH0yGahZlmgRFKlkvXQZ4UHQZ1mkRdDcTWXXp17sRWX7i79TBaE9+iwVcz65KEpErIhDvQEWUUp/BJl7WPVZznmEzIBFlLSnS+Iv28ZfG74ePb0KQg4oIgBFBKCIABQRgCICUETgcZnlHwpSwOjIDzWgAAAAAElFTkSuQmCC,2025-12-24T13:50:52.568462
DOCID_JOGALEKAR_2,aj,jogalekar,MD,CLINID_SDM_2,SDM,100,,+911234567890,monday,DOCLID_SDM_2_JOGALEKAR_2,doctor_qr_20251224143100010434_fadf3f79.png,iVBORw0KGgoAAAANSUhEUgAAAZoAAAGaAQAAAAAefbjOAAADHElEQVR4nO1bbYqjQBCtViE/FeYAcxS92ZIj7Q30KDnAgv5cMNTyuquMzu5CMshkTL8HMR1NkVg+6ruDysMYisdlRChkoCIMVISBijBQEQYqwkBFHEkRwVCllQw4yIR1c/UV0D3l7z0ICu2giFaBEauxVJFaNXS1qvbgSydlvO5RKFX+woqQ9KRbJ4P29YxzOIAbRhWwRPxj/83vqaDQjooI3XTSdEgOQ67uK3b+pbtAoacrQvv6d7AVDudwSq5j91+6CxT6ckVU9l7DLUxYTZXI8D7j3K8qSD1KaH+KrCtZfE6vH0cYECmM/zr4FxhHZGIjdHVm8RpDI0EEgeb2C9/+ngoK7ZNraAwckIJqj3QzfkyphychtBH5MEJnPH2klokCuAQKRBsRWRJpEcHsM4s4olyVHdwoGFVu1QraiLxsREIkA65EMiQbEUnjK9qIDBihqT65IcPH6OEGeo3XzzUCXioyS2jhOIZm1ACjENpL5YnG9DZ/+d8rKPQkG9FjGW3E4iFuPS83HowscyCsOAXUPEREu8lInSCsUOVUxZZrJe3lBF8xwolccaGcA0rZOnTxwlzpIe6poNAeFaoypZuegsbilPuP7ZcZWWbjNXQzJGEhxC3FYD0iu05Xm568Vy+3aemKG8w+X19IYyJxxpwlpmNCh5Y4+uI2NhO7Xxi25JxlJkIhPulWre2ZVgPIkBrhUyV6bizAOMg9PQgKfeiGT42RAcUpVKM0tOPbLEMTz5br+JLae2UaiYUG9dLqThmG1yNSWOGjNIwjsup0SWp7LqPZt7pUAucjsossVWcEldi8E7PPGF4uJUyZTowjjvhwP93pAkoLHFIwIddKbRoXTa56PMg9FRTadU+Xmq9Y79Jwk2FtDqrckMeeLjH/8XcVmzNUWe7p+gHzEMJJpb0Eq0ekJMR39Rzunu4Chf5jIyQmHMsstk/e+uwlq9jZ0Kh2KwCHEcvWcW946pB3mKYK78hEnvT3HgKFdt3TJanJ5XvDlziCc5aZ7ulSezcy4KMe7Z4KCiVQEQYqwkBFGKgIAxVhoCIMn4os/wCbdrhz0f6wVAAAAABJRU5ErkJggg==,2025-12-24T14:31:00.048509
DOCID_JOGALEKAR_3,aj,jogalekar,MD,CLINID_SDM_3,SDM,1000,,+911234567890,monday,DOCLID_SDM_3_JOGALEKAR_3,doctor_qr_20251224143109997292_0e839d58.png,iVBORw0KGgoAAAANSUhEUgAAAZoAAAGaAQAAAAAefbjOAAAC70lEQVR4nO1bUW7bMAylbAP5dIAeIEexbzbsZvZRdoAC9ucABRxIkY5StEC9ZfUyvgc0tSULsSnmiXyiE9NuzM3+MUQYZIAhDDCEAYYwwBAGGMIAQzyTIZKhozSuKdGcUiJapel89SPBeMjt7QQGPcAQAwsWCRsvzEQ9cxp7a0sjtdrvUShMHsAQqxEAT8IRw3JNPK0dpXRumadCI91xt7cLGPRIQ6RvS8tE64ltwaCrrxUP/qZPAYMONwR/P+syIWxRKKP7S9/0KWDQlxuis/+9xAirt86XLG2vXZIPbaqVLMzTf2wIqiNGapmG5b0Pv0Aj0Okff6YGg/6YI7hq6X9K9EDE85mSnvL9BTB5BI4YFg8ceNHkwjIMnvrsbX0GR4TxCGbOMvt+pMoEFRew0+IWCqwaATTLcT1JzmkChEYUShSlN11yyT+gWT7h5O6F/ez7bUnwBUPpQYnCfEPXD3BEFI8gWRI8r/Cl4843itANj4iSffZOAEYZtrlR+QHiiHAcQUV7cAcpp8UtSiaCyDKUQtU6M6hv3GWkxiCSf0ChiqNivyYafnSZqNfM8yodbVYVm+fxxGmYcsdP8UwNBj1CoWoLR1ThpQUT+e3F0CNiZJ/secWmT74TWWLViKNZLnJcaZYeRRpluDOAIyLta1Chh6rIzjTLStlGZBks18iWc97SDMs6TNmGR8TZDV9fZOv7xDRfdDe8zWlYXjLNqZWQQuvrDri9BoMOU6jI+KAkF5suda9fIY6IE0ewJplehF+KptwtDKiPiFVD1drOt37Ol9xJxb5dNEzSIfXZX317DQYd/U4XFbZYT15Fo/1akH3TqjBPkd7pIp/9+i0NdYa1cwd5jmfaBwz6UI/o+SMVG9lnRI+gLag0SeqmS2E3PKZHCKrSOtsItworZJ+Bsk/e5tyqKz373MoltutQix3qnS4q9XXGDLc4AhwR9J0utj/3jaoT2eezTW6DQQUwhAGGMMAQBhjCAEMYfiuy/AW0weeh5MedVAAAAABJRU5ErkJggg==,2025-12-24T14:31:10.006264
DOCID_JOGALEKAR_4,aj,jogalekar,MD,CLINID_SDM_4,SDM,1000,,+911234567890,monday,DOCLID_SDM_4_JOGALEKAR_4,doctor_qr_20251224143315491017_c0df12b4.png,iVBORw0KGgoAAAANSUhEUgAAAZoAAAGaAQAAAAAefbjOAAADGklEQVR4nO1cW4qdQBCtVuF+KmQBWYruIEsKs6TsQJdyFxDQzwGlQj36tjMkcCUyV+1zPpz2UXi7PFTXqycwbcZQbJchgpADinBAEQ4owgFFOKAIBxRxJkUER2UjGuRAk4ybJY4E3Ut+3kZAaAdFtCwYZTSWTFQzh65m5l740lGp96MXCpVfWBFkX7qNZFAKMPNMzMINp4qwhOJpf/A5FRDaURFB7AHRdGNfMGiJa8XOb3oKEHq5IriPFDBr8RZuZjd2f9NTgNCXK6Lyv7UsC1O8Onyf5drvKlA9Umh/Ea0zWfhO1/cjHOIpjH87xAfgR2RiI3h1pRbzINeGhoKe8scHDj+nAkL7xBpsYYYFHDHq6CUEtWtCFdiIbBjB6jhIaClGQTMTZi3iqdFCgegzB6HpJjFnReHnXUZmI9yFCF09S1iqselrft4mQOj/bQSnJcFO5Y7bjdmWDrcWsBFX5x45B8bycXAyrL0HXTUSXw4+pwJC+0SfnHLX4lHYwbhhzif8iBy4R+tlYnxkHMwyKDeijdD4AzYiKxvRx1SE0iLxIAUciD7zyWITUWjvciZpa6JFhuWsWWweuhuHtp8rPsWcCgjt41mS5iO88u3JqZTCXD0Mz/LK3KMUQpDD05XJvVyRBjnLvDxL9kaqdX4yVb8QfebFiNIzlRKC+uhR9lz13GHVyKTztjNuvEuXbSU2Ygk0WA+VtlRJS27jDsZJ5rQREPpUDZ8a+/rBemckzGjHbzNZSfwToL0c6hpsnkKseMZ8hOYxvTiODFVuvdj0aMK300gLwyqjefA5FRDaJ/pU+NWUvYw8QHd+pnu6SGvg7f0m9JiJ3xq5P2kycz7VnDYCQv/a00Xx6693aSgZJAix1BW058hkT1fprXXubaYsNnKWmVW6FKHlJbA22bX3aja/ohXTMPwYY0v2wedUQGhPRQziTNioWWRvuNS8ZCWxyuiOb3oGEHqZImovbnjAUb8H3RuuPqZ13go30Hmb4Z4usgbbjy36aeeGAPmIKwsF/GeyU3ynAkIGKMIBRTigCAcU4YAiHF/nWf4BrguzaLY1h/QAAAAASUVORK5CYII=,2025-12-24T14:33:15.511970
DOCID_JOGALEKAR_5,aj,jogalekar,MD,CLINID_SDM_5,SDM,1000,,+911234567890,monday,DOCLID_SDM_5_JOGALEKAR_5,doctor_qr_20251224143533300110_74f1fda9.png,iVBORw0KGgoAAAANSUhEUgAAAZoAAAGaAQAAAAAefbjOAAADTklEQVR4nO1cW26kQAy0B6T5BCkHyFGaG+yRojnS3gCOMgeIBJ+RQF7Z7eax0UpBQUuAqg8WerDUFL1+VJuw0Go0t/U2RDBygAgHiHCACAeIcIAIB4g4EhHsyImacmBqSiKuOmaidIiodpneSsBoAyKCKFo97e5iS0DqQoTZ1gZl9nvKQkH5BYjoRgegLqMqevcWpGc2Zh5kr+mtAoy+Q0T+aaR41zBxFw4tCRNlelgClF+KiO4uUhNROqij+EHT+wJgtIWPKDRH6Ig4iC0BCxjvuYTnPfqIuZIFys9PRGOVRJkyy9BmQrYYPLcYYqmx1/TWAUbfIYLkL9SxrvB8Ml0ubwHljvMSwZWGiYZz4rd2YK40mYjlZvGhzmOZTBzimVYCRgn+377o9cwOSXaIoSNdplvgI06+jCgugWBvXxWqEANGlgSrYpSuVJkwJQtR4/xGopWmvX2vPk2XUqdQm4o93bLL9FYCRhtklrUtBvUMpkJIdBnZp/gBH3GRtcdVl48BQ4vRcmB5vKqP0KgR3YPess/0VgJGW+URs0tbGzF0eEVqY8gsr6NHtGP8sFELIsk9xCLEAguixpVWBGke4flkyiy9wogeJGlVqDWuEDUkeQFzD1GFmFKI8Qw+4iI7XUKd7ml0TNL8IpKmbOOZeobefqDQvvTHeKYbjLaqPovJW7gaNRtzX4KocfK1R0m2zlKEiHKlXsb2KTubhxPkEVfQLCUp1lHKtoY616V0WWjbpbTjdtchnmklYLTII1i3OCk8mah5/WDR7IGtY6bhZbOMAeydP7NsqlxfvBCH39Y0NbCoSKl9lj1R0dK84/KHP9MNRltUnzLmEWOROSkTNjaJWKDccV4iZBQbUuKQzzcy7IemTBtfx3imlYDRP77pklp3wx/lKGHGD3p0H8yaq2ZGKwGjYxCRx3+COYnuxdIFdQqabU5wPTuXQzzTDUYbftMltTVWspeb/KZBRDu17S74iOutPdZvPM0pxAXyiMqENfBr/Nh5el8CjLb4gidBiAYf0w/EKTytLO0X94Hyi1SfYtp11LNdu/auiLHwRPV5nX0NgwUMWTZJpH4a752BHnFyI8ZfJjvEe7rBKAJEOECEA0Q4QIQDRDj+X2b5B22daHYVzw6dAAAAAElFTkSuQmCC,2025-12-24T14:35:33.317058
DOCID_JOGALEKAR_6,aj,jogalekar,MBBS,CLINID_BVB_1,BVB,100,,+911234567890,monday,DOCLID_BVB_1_JOGALEKAR_6,doctor_qr_20251224143630890163_d0cd9b7a.png,iVBORw0KGgoAAAANSUhEUgAAAZoAAAGaAQAAAAAefbjOAAADKUlEQVR4nO1cUW6jQAx9hpH6CVIOsEeZXG2P1BvAUXKASsxnJSKv7PEQst1KRanC0vH7oDMEK8Q8eew3psTYjLHZbgO4kcEdYXBHGNwRBneEwR1hcEccyRFkCHmEUQ5IRHTG1UaK8y63txFu9A2OiCyYbAR0zHTumPl3D9AZrX5eslB3+Q92RLC/qQfiK8AjARyna2Ck00xxAgMJIKCdn357jRvtxYgCiiyH1xOTzAAIN/6CP6eKGMFjP5XRWadve95e40Z7MaKTQJBklMLM4y9ZILq3QOhaJl1OHv2mxo2OxIhR1gegBcXpBIqXMFO8vAgZgpBDCo49bq9xo30Ywasz3QyWaMFjL3mETu8u8OdUAWHpnEyF4CEFYOztY60+ZSWRc1fXI474cLciCw3MM3gQAWKQoKDKhISHHCNkyjyZKMHDf/6bGjd6nBEDWlkY7JCfvhAEkY0WiFMrU2dEFYxAXGKEEUTVy1uMEKroyBlRCSMg4cGigD5444FxY1kwnBG1VJ9xuBID71JktkzoJjnMImGqZvlOKmo//fYaN9ozj4iaQOadrpI42Egv9cyyBsKiUIBzKqnLhOUWQpCcci71h2eW9TBiLqFgqTCWGGERJCcYXmtUokdMVm6u1g+tPrMocX+x6xFVKFRchOqydJRoscD1iLqqT5RGKlUmliwy82Ahg8eISow4J5ApSAfdgjy9Ula2h9x2ucftbYQbPa5HkHROmR6RThIUepKOmbwHLi1Vs3bV2Z64uxy15BHtWoqI95qlFRyeWdaiUGHVhm1JZRasNK1QuEJV007X9I/pSq4s8BhRTWbZ2dJhvTPaZyl9MrgFj7xXvsftbYQbfUNmiQx5I6ObA5Be5OnrSxtyXje5uiVcuMtreqdrpJDXinUdqsJlCiWjOMZv2gY3wsfEIWobRKkwPqrYXmvUSCOSyKCvfCJeiFY7nquq42C/6Utwo88cMfYSHnLzdctEt6ksJ58YfQVudLA+S0Funiuttvf9tquNL9/7rGWnC1mz1DPrftt83W33yxnxk43I/zPZIZ5T40YZ7giDO8LgjjC4IwzuCMPzMss/KNOcqxxRq04AAAAASUVORK5CYII=,2025-12-24T14:36:30.919442
DOCID_JOGALEKAR_7,aj,jogalekar,MD,CLINID_SDM_6,SDM,1000,,+911234567890,monday,DOCLID_SDM_6_JOGALEKAR_7,doctor_qr_20251224143759247119_0fefeee5.png,iVBORw0KGgoAAAANSUhEUgAAAtoAAALaAQAAAAAnlcmeAAAI60lEQVR4nO2dUW4rNwxFpdhAPh2gC8hSnJ09dEndgb2ULOAB9meACVSIIkXKvjMy0JcGCO75SD32zODhVgRFiqJySV/G+enr3p0SXw6hLBDKAqEsEMoCoSwQygKhLBDKAqEsEMoCoSw/Upas7FM6y4eX+u0155TSZ07nF7vl7boPN9sT+5Tf6n31Cb3v//qXfxFPX/XiCl8OoSyYUklH+c9lV8qpfnm87FoGqZwOSyrlUr+rd8hlvaWUUj8d9LGUDvUt9QX+vhM1h1AWCGXZlOVqju9YlpTOrx+5GV1Ku5Lz69Lu0luqSYrn/PUu7rNa8nWvt4hfHV/+JTzx5QjK8kN96EUtr3nEY3WQ1Usqh0V/DT60XTafWR/T78Sm6UN/5mh54su/X5ZzC0Gfi3xq1icmeUqfNQ59bpPZdH75zOl4keizBqOvpWj0+V3/8j8JXw6hLN8fh6bqL8U3yizX3KKgHrac5FMzXXWk7n8Zh07hOIdQFkyzKKXOTy//5Y+9iJmiDTgUIZQF0rI6XvpXzi87mermkq51oeV1Se1Tu08+HT5yqT+0AFUvP3KJL6pQcwhlgVAWjM1KJQOkyyalr7vEhZZ2v06E9b6aTGpLM21eLAkmg6stGA5FCGXBWCq2h5YHXWMRu1RrtORtW4uRP2qNctkXQJvp6ne00BU4FCGUZTsOtXUS8Y29TiGkhnRlxeoUxBpb9NnTvXGlhha6CocihLJgPPdqM9Vilw3L1qrp6pRYskJDlklnw1wPncKhCKEsGAsaZTK7G0PLxWJTc64xZeszWqtTMB/Kqr9tOBQhlAXj0adOXItNZrutmg/VciKzweVuWqvzYq62bMOhCKEs21V/uqbZDCyZgzTTtT/NdL1UfsjlWuKImaJtOBQhlAXjxUHBLaaey9VwU2y1u1R5sF3q9pf7ZRhmilbhUIRQlu1ZrsacWtJ30elqWBTVrS5SYe/fmUlq6a7PgWmhq3AoQijLbD3UCw6Slx400x1mue5XQ/LWU8Cc5c7gUIRQlllNkedoSzdJ25bWPacnie4jUjNnxqHbcChCKMvUQkOZ0CXWFPns1feMhpXR9pahDQNnuVtwKEIoy2wHtxniklDpn0aaoajBV1ts95k+1oNbag6hLBDKMl9t8fL5hjcriuVEHoJ60BqWUelDZ3AoQigLJqSGbrqbnMzywt0aqvb1mbbaEpO8MctEzSGUBUJZZlV/nrdNHn3KLbotzae/97PhUNNrGSVa6AocihDKgontTLzHQvHy+bG7ia3KBOcallfaD/Sh23AoQijLPFM0NCYqYyO/WJhgiypWihQTR1bTSx+6CocihLI8GIeWWAfv1XxaZzSWN7R49X73KFdbtuBQhFAWjBud72gpWsNn3rRXF7XLtr+7Oc3+nt48hT50BocihLJsVyx4+Xyl1R8M5Qi9E5G51F5hPxTx+jIMM0UrcChCKAum21PoNVRuDmXxTmK3HcfCWqq/gBa6DYcihLJg1N31OoVWgzu0XPB1lxiWerx6c4QET4WYwKEIoSxbpxP+Kh857lS51sMfypJyfun7Ptu6i5wFIbfU0wnbsYXPsDsgNV+BQxFCWTBtphqaEBXL24ajIfrcNnaVvy8RDN3nGYeuw6EIoSxzWcT7Xfd6vFKb78r5g/U7L64PVX+hX66cZ7isv/xP88SXIyjLz+0klpRdCEuHk5X6r8GvDqmmBjNFP3a0PPHl33p+aOobsFPoCxZbLtw2MPJN3p5WCtlf/g+FUBYIZcGo/+sHtfiiaPSr+oMFrTaZja0ZuitlN84JHIoQyrKVy831vN7eK6z8LZch+tyV/HaokWb6zGarErQ+26T3Iuf/Sgzb2wFScwhlgVAWzL1bLGN1wpjVNQepN9vRLjcrqJzlbsGhCKEsmFAX5D70NO72HNt0GrFBrh8NwW6cUzgUIZTlgfXQcQvaoRusVxyVIY900+avp4VZl7sFhyKEsswzRV4WX+LaydCMvne59mZFYxMxL59nLhfDoQihLA/EoT1bm4bdZ71tUUjohjYMveVCO/iFcegEDkUIZcHY1NT6l3hPomBq4WQWn9YOHYu80RH3h87gUIRQli1ZtBheSuAr8kmWUq45519+KNo1Z621f89t3UXuy2/92XOul/KRmkMoC4SyzDNFvrclWVgazvoN+SE/hND+9HqkUAnIOBTDoQihLDMLtT4Ju26hPTPbe/3FRgue841TYnbjnMKhCKEs01xujyBTcIve3M+s1j1ntFo3bPrQCRyKEMqyKcthqZvMJKDct8q9dHzX0FKjylQ3b79rHCrWaNvSpGLQpr/cwT2DQxFCWaZdUIJvvAwNrntD+eEkUT9FyTO4Q9dOxqEYDkUIZZntPrtvv1liC+t4JLd3ErMDf1mx8DgcihDKgrnpBmYNUJawxBnO1r7dcyaETaJ6SR+6BYcihLJgYjHtcK5v8s0ssSJeV2D8BCZfmrmZA3OWuwKHIoSyPBaHevP4eNpDt19vinJ7vFLvxcAd3BM4FCGUBeONEcwklxBahhpcufn2KCXDN8JYw1360FU4FCGUBeMLoHGnaLrJDw2pofaYbQj15G2cHNNC1+FQhFCW+SzXk0SXcYI7nqLkLlVnvr2wV37lassEDkUIZcG4FfqMthErifrGMzszIu5IC+neuBmNmaIVOBQhlAUjxmgXnqMtVr7Xt3Z7Q/kwj5Wn+p5vbzfffqXmEMoCoSwYta0S6+CTxpcxv6vbs8P013e52CUr5x+CQxFCWTDm/TSWxD2JLr3Bpv8ghEJ675vSOxZRcwhlgVCWhyw01g8dPLQcmgB2k7Sjf333WQxLaaErcChCKAtkf3Nd0vWvpZzzruRj9Zrnl2qE1715Tfl0fak//N6XdFj26fjPc8np8DsV2e9St8To/hdqDqEsEMryUBxq9fK7cDyLJ46GbK3NgXseyeAsdxsORQhleSiXGxqGpT6jbSbpy562ZKpP+ZKLJX4Zh27BoQihLJA8nj34RzlTcwhlgVAWCGWhLI/D0QKhLBDKAqEsEMoCoSwQygKhLAnxL3JdvXvwrUoYAAAAAElFTkSuQmCC,2025-12-24T14:37:59.336552
DOCID_J_1,m,j,MBBS,CLINID_BVB_2,BVB,100,,+911234567890,monday,DOCLID_BVB_2_J_1,doctor_qr_20251224143838657951_c52dd6e3.png,iVBORw0KGgoAAAANSUhEUgAAAtoAAALaAQAAAAAnlcmeAAAJEUlEQVR4nO2dXW4bOwyFObaBPjo7yFLcHXRJF9mZvZTswHks4EAXlMQfuWc0uUB9Axjne5jG9oxQHIighqSopcjDuOweN7YIB4dQFghlgVAWCGWBUBYIZYFQFghlgVAWCGWBUJanlGXpHEQuL/oGWT+9fC4iH8uy/Pw4yPKz/iX6Xb18LP1yd3Pl5//1P38Qu0cNrHBwCGXBFEVO9Z/rvsjpKiKnctNL8Y/1lpve3C8ix/qEDnDd16f1Zv9Lr2dqDqEsEMoylaU5yE45f/wo1TfK5bWU8vbyuZQ39bCiP9TL6V195avaqnw2N1tpnngc/CHsODiCsjypD72qq1Qf2nxjdZXtY//LPKxe9Am9rz8h9dK9aftIH/qUs2XHwb9dllLeD7IsL904RdQ3XsxV9rfUl+pml6W8vf5eRI71Uko44e/4n/9Vdn93uBEODqEsX3oPbZdzNU7zje2+s5gj7e7TnGZ7+4wL30M34FSEUJaZLD0eK1L94PLP+4+88tXL8s+1/yqn9/qmuU9Osz2mkd7KOPhj2HFwBGV5Sh8a9LXt0S7VQar7TK7ybD60mmk8Vu5gLPfZZsuOg39bpKgoLQx089+6+dmit393n3fpOZa+Li5nN3taKIbzHEJZMGGDZm/Skp3mNOOjh3vNEOO79rGNV19QaaHrcCpCKAsmr21rQOgYS11fruovLYFiNtgcaV3+hl+tv9KHbsGpCKEs01WuL3C7D7V8qOdIzX1aiVH9rn/sS91m090dc5W7CqcihLJgUpDI47bSUintTdMzK9UurRyhPezlgG2o5lJrgIkWug6nIoSybK5yI1wkrej2Loyrt6uD1IVwS4+2v/yltf3FfOgGnIoQyoKJN81IpXQsAmSvllbFkJfEXvCnnO9CwNQcQlkglAVTbcneIM02y7DeDbtseZe+6eUuRzomT2mh63AqQigLxmyyhob+DAMpkYuJ5Ev7zmO5g03TQudwKkIoy5YPNeO8WU5z3OrSlrD+4pliRs1We6aG2ZZNOBUhlGVmoTVam9Oee0txeqLUI0W5YiGejZIHRoo24FSEUBZMjgp5FlT8XTLHjHKQ1xKgFi66r9rle+g6nIoQyrIZKerGqbTCosii9EL6tNStC+Fe+uf2azCWO4NTEUJZMN2YUmcFGS3PEy2pfN5KcnuQKJ4YB6XmEMoCoSyYWMr2IgSJ/dhWJtRLGSwW5DHfKFawOiN7jBY6gVMRQlmmkaIW4/HF7DFXyf9ZjjAU4uYWgW619KHrcCpCKMtEltrIr7wt2shPtJ/Cu/ZJON56U4Xa9a8XBt60m5/eV7sT1Ua6tX2uGvbbEi11Y/AHsePgCMryrLFcSTtaSlTethVtS4/6LbFbO9Uu3G2T4XvoE86WHQf/Lgs9ozDQcZIZDSMeeizkBteMFK3AeQ6hLJhwfKlWSCzbEk1zo7gvp0zdGnPXP0aK5nAqQigLJoVxczfO4ttarK112mnmlbypLnfsi81V7gRORQhlwWTbsvVuiSxKd6ne+s+MMz0R7cTS5hiuctfhVIRQlmlNkZcEee5zsEvf1lJJhhg9OO1F1k9l4nvoCpyKEMoyk+V0/Vx61cGHnwpRo7XtjKWaVInQbj8fwu7TZtb1tCVrj9KTp9QcQlkglGUui5paPb/s6J5Tk6I9jFtKM0k103Z4i95czu3YMz/BpQ5gp6BR8xU4FSGUZStSlFzg3Y60HMuNLrk2QMqbpnNGucpdhVMRQlkwzRrzKUp7a993307Mfo1enW2AaM1QiTa71BxCWSCUBdOtyU8t65mVbIPDPpbYvG0hpLEHdjrBhRaK4VSEUBaMObzoX3KzhWs6McmNTh8ZO1830tqWFroBpyKEsmD+6FMkQ7eFnvaMTmJejmD3xXERkWhhtmUGpyKEsmxZqPUPk9RFIRa9KTPqu7XjnEK7JXlkrnLX4FSEUBZMWr2m3ifF7DLCs6kPrjXiTFXyXo0bR0jwPXQFTkUIZcHk98twiyWqbOM8tNxIF/cpSrthaKGrcCpCKAvEqwtEyuX1dljk+HkoIvVSpO3FPr0fbu27yy+979dVf9jfllOp9/1e9NelXH596njcwT2HUxFCWTB9aerBH38ZjT5FQ5DXAkJxxGivtfdG2KzL3YBTEUJZvpgPFTfJ2Jk9HnbmNp2OkEgndLNP0QacihDKgkl2OXaqLqnCL7U9GQy2+0s/Z9QSpYwUzeBUhFCWuYXmfiilpz29bZFV/cUWtNS605sADntGGSlahVMRQlkwYZdhZcWTosml5mhtXhxHK5RY9NJCZ3AqQijL3EK98fx1SHvebWaJLrnp5G2vtY9KQGZbJnAqQijLPNtS8ySLplJ+a4rl86AbtWWRY5FF0zBFPjTR8rKvO0Bvi94sl9ebLKe6SP54kZqf0WdtTGoOoSwQyoKxQqAe94mdKsVL4FMPv8isRKQoqhiigIHvoRM4FSGUZV5TtL9PtEiq/4uN2lEOaAvctC72oWihMzgVIZQFk8pqo0m1uK3m1n96+/C+Gmd1WxGvRX/pQydwKkIoC8Zcn2cyr/kYiLQFLeVTYkmsX6d6pKGGnpXzK3AqQijL1u6znEq5jse4eNVfLH/7s7G1O9pas3J+DqcihLJsr3K9e/UptmInWx1eUJNNexeUlJWhD12HUxFCWTBRr3d3OpLkzn1e9af/dtP180OtWwr7FH0NTkUIZdmM5UazhJNvUkm7ur3nfJwA4WcxpbZjfowL30NX4FSEUBaMZ0m8cu82BGXHjdpjBHdo4hnOlavcOZyKEMqyVTlv3u+WGg61WzwD08NAVlc/bDezj6yc34JTEUJZMFHzHonNMjYhSr2tfc9oKmAY922z198mnIoQyoKxFEmsYwUUJkRStP8acaTkSPuvrJyfw6kIoSxftNDikdkoLIpkp7c4SW3+xixowJ7zGE5FCGX5moXen/FQGY/k7veNh7eMjXRpoRM4FSGU5T+8hypD2YLbpW3jzhVH/ldaEusI9KEYTkUIZcE0a+zkzduSzx+Mm8ceKdb1r44yNCCjha7CqQihLBDtdPsoLtQcQlkglAVCWSjL1+FsgVAWCGWBUBYIZYFQFghlgVAWQfwLPGT1ysQ9dUAAAAAASUVORK5CYII=,2025-12-24T14:38:38.728882
